Requested URL,URL Title,Link Description,Link Address
https://devbootcamp.com,Learn to code and become a web developer | Dev Bootcamp,(877)-431-9044,https://devbootcamp.comtel:1-877-431-9044
https://devbootcamp.com,Learn to code and become a web developer | Dev Bootcamp,"",https://devbootcamp.comhttps://www.linkedin.com/school/2539266
https://devbootcamp.com,Learn to code and become a web developer | Dev Bootcamp,Overview,https://devbootcamp.com/locations
https://devbootcamp.com,Learn to code and become a web developer | Dev Bootcamp,Curriculum,https://devbootcamp.com/curriculum
https://devbootcamp.com,Learn to code and become a web developer | Dev Bootcamp,Admissions,https://devbootcamp.com/admissions
https://devbootcamp.com,Learn to code and become a web developer | Dev Bootcamp,Tuition & Financing,https://devbootcamp.com/tuition-financing
https://devbootcamp.com,Learn to code and become a web developer | Dev Bootcamp,Fundamentals,https://devbootcamp.com/fundamentals
https://devbootcamp.com,Learn to code and become a web developer | Dev Bootcamp,Austin,https://devbootcamp.com/locations/austin
https://devbootcamp.com,Learn to code and become a web developer | Dev Bootcamp,Chicago,https://devbootcamp.com/locations/chicago
https://devbootcamp.com,Learn to code and become a web developer | Dev Bootcamp,New York,https://devbootcamp.com/locations/new-york
https://devbootcamp.com,Learn to code and become a web developer | Dev Bootcamp,San Diego,https://devbootcamp.com/locations/san-diego
https://devbootcamp.com,Learn to code and become a web developer | Dev Bootcamp,San Francisco,https://devbootcamp.com/locations/san-francisco
https://devbootcamp.com,Learn to code and become a web developer | Dev Bootcamp,Seattle,https://devbootcamp.com/locations/seattle
https://devbootcamp.com,Learn to code and become a web developer | Dev Bootcamp,Your Next Dev Job,https://devbootcamp.com/your-next-dev-job
https://devbootcamp.com,Learn to code and become a web developer | Dev Bootcamp,Alumni,https://devbootcamp.com/alumni
https://devbootcamp.com,Learn to code and become a web developer | Dev Bootcamp,Blog,https://devbootcamp.com/blog
https://devbootcamp.com,Learn to code and become a web developer | Dev Bootcamp,Visit Us,https://devbootcamp.com/visit-us
https://devbootcamp.com,Learn to code and become a web developer | Dev Bootcamp,Hire Our Grads,https://devbootcamp.com/hire
https://devbootcamp.com,Learn to code and become a web developer | Dev Bootcamp,Apply Now,https://devbootcamp.com/apply
https://devbootcamp.com,Learn to code and become a web developer | Dev Bootcamp,Apply Now,https://devbootcamp.com/apply
https://devbootcamp.com,Learn to code and become a web developer | Dev Bootcamp,Request Syllabus,https://devbootcamp.com#get-syllabus
https://devbootcamp.com,Learn to code and become a web developer | Dev Bootcamp,Explore the curriculum,https://devbootcamp.com/curriculum
https://devbootcamp.com,Learn to code and become a web developer | Dev Bootcamp,Explore tech careers,https://devbootcamp.com/your-next-dev-job
https://devbootcamp.com,Learn to code and become a web developer | Dev Bootcamp,Learn about hiring our grads,https://devbootcamp.com/hire
https://devbootcamp.com,Learn to code and become a web developer | Dev Bootcamp,Hear more from our alumni »,https://devbootcamp.com/alumni
https://devbootcamp.com,Learn to code and become a web developer | Dev Bootcamp,Privacy Policy.,https://devbootcamp.com/privacy-policy
https://devbootcamp.com,Learn to code and become a web developer | Dev Bootcamp,Apply now,https://devbootcamp.com/apply
https://devbootcamp.com,Learn to code and become a web developer | Dev Bootcamp,Explore,https://devbootcamp.com/locations
https://devbootcamp.com,Learn to code and become a web developer | Dev Bootcamp,student,https://devbootcamp.com/blog/a-day-in-the-life-of-a-dev-bootcamp-student
https://devbootcamp.com,Learn to code and become a web developer | Dev Bootcamp,About Us,https://devbootcamp.com/about-us
https://devbootcamp.com,Learn to code and become a web developer | Dev Bootcamp,Diversity,https://devbootcamp.com/diversity
https://devbootcamp.com,Learn to code and become a web developer | Dev Bootcamp,Jobs,https://devbootcamp.com/jobs
https://devbootcamp.com,Learn to code and become a web developer | Dev Bootcamp,Press,https://devbootcamp.com/press
https://devbootcamp.com,Learn to code and become a web developer | Dev Bootcamp,Contact Us,https://devbootcamp.commailto:hello@devbootcamp.com
https://devbootcamp.com,Learn to code and become a web developer | Dev Bootcamp,Partnerships,https://devbootcamp.com/partnerships
https://devbootcamp.com,Learn to code and become a web developer | Dev Bootcamp,Premium Recruiting,https://devbootcamp.com/boomerang
https://devbootcamp.com,Learn to code and become a web developer | Dev Bootcamp,Corporate Engineering Empathy,https://devbootcamp.com/corporate-engineering-empathy
https://devbootcamp.com,Learn to code and become a web developer | Dev Bootcamp,Apprenticeships,https://devbootcamp.com/apprenticeships
https://devbootcamp.com,Learn to code and become a web developer | Dev Bootcamp,Employ,https://devbootcamp.comhttps://employ.devbootcamp.com/
https://devbootcamp.com,Learn to code and become a web developer | Dev Bootcamp,Terms of Service,https://devbootcamp.com/terms-of-service
https://devbootcamp.com,Learn to code and become a web developer | Dev Bootcamp,Privacy Policy,https://devbootcamp.com/privacy-policy
https://devbootcamp.com,Learn to code and become a web developer | Dev Bootcamp,Refund Policy,https://devbootcamp.com/refund-policy
https://devbootcamp.com,Learn to code and become a web developer | Dev Bootcamp,FAQ,https://devbootcamp.com/faq
Requested URL,URL Title,Link Description,Link Address
http://www.cnn.com,"CNN - Breaking News, Latest News and Videos","",http://www.cnn.com/
http://www.cnn.com,"CNN - Breaking News, Latest News and Videos",Home,http://www.cnn.com/
http://www.cnn.com,"CNN - Breaking News, Latest News and Videos",U.S.,http://www.cnn.com/us
http://www.cnn.com,"CNN - Breaking News, Latest News and Videos",World,http://www.cnn.com/world
http://www.cnn.com,"CNN - Breaking News, Latest News and Videos",Politics,http://www.cnn.com/politics
http://www.cnn.com,"CNN - Breaking News, Latest News and Videos",Money,http://www.cnn.com//money.cnn.com
http://www.cnn.com,"CNN - Breaking News, Latest News and Videos",Opinion,http://www.cnn.com/opinions
http://www.cnn.com,"CNN - Breaking News, Latest News and Videos",Health,http://www.cnn.com/health
http://www.cnn.com,"CNN - Breaking News, Latest News and Videos",Entertainment,http://www.cnn.com/entertainment
http://www.cnn.com,"CNN - Breaking News, Latest News and Videos",Tech,http://www.cnn.com//money.cnn.com/technology/
http://www.cnn.com,"CNN - Breaking News, Latest News and Videos",Style,http://www.cnn.com/style
http://www.cnn.com,"CNN - Breaking News, Latest News and Videos",Travel,http://www.cnn.com/travel
http://www.cnn.com,"CNN - Breaking News, Latest News and Videos",Sports,http://www.cnn.com//bleacherreport.com
http://www.cnn.com,"CNN - Breaking News, Latest News and Videos",Video,http://www.cnn.com/videos
http://www.cnn.com,"CNN - Breaking News, Latest News and Videos",VR,http://www.cnn.com/vr
http://www.cnn.com,"CNN - Breaking News, Latest News and Videos",Live TV,http://www.cnn.com//cnn.it/go2
http://www.cnn.com,"CNN - Breaking News, Latest News and Videos",Crime + Justice,http://www.cnn.com/specials/us/crime-and-justice
http://www.cnn.com,"CNN - Breaking News, Latest News and Videos",Energy + Environment,http://www.cnn.com/specials/us/energy-and-environment
http://www.cnn.com,"CNN - Breaking News, Latest News and Videos",Extreme Weather,http://www.cnn.com/specials/us/extreme-weather
http://www.cnn.com,"CNN - Breaking News, Latest News and Videos",Space + Science,http://www.cnn.com/specials/space-science
http://www.cnn.com,"CNN - Breaking News, Latest News and Videos",Africa,http://www.cnn.com/africa
http://www.cnn.com,"CNN - Breaking News, Latest News and Videos",Americas,http://www.cnn.com/americas
http://www.cnn.com,"CNN - Breaking News, Latest News and Videos",Asia,http://www.cnn.com/asia
http://www.cnn.com,"CNN - Breaking News, Latest News and Videos",Europe,http://www.cnn.com/europe
http://www.cnn.com,"CNN - Breaking News, Latest News and Videos",Middle East,http://www.cnn.com/middle-east
http://www.cnn.com,"CNN - Breaking News, Latest News and Videos",45,http://www.cnn.com/specials/politics/president-donald-trump-45
http://www.cnn.com,"CNN - Breaking News, Latest News and Videos",Congress,http://www.cnn.com/specials/politics/congress-capitol-hill
http://www.cnn.com,"CNN - Breaking News, Latest News and Videos",Security,http://www.cnn.com/specials/politics/us-security
http://www.cnn.com,"CNN - Breaking News, Latest News and Videos",The Nine,http://www.cnn.com/specials/politics/supreme-court-nine
http://www.cnn.com,"CNN - Breaking News, Latest News and Videos",Trumpmerica,http://www.cnn.com/specials/politics/trumpmerica
http://www.cnn.com,"CNN - Breaking News, Latest News and Videos",State,http://www.cnn.com/specials/politics/state-cnn-politics-magazine
http://www.cnn.com,"CNN - Breaking News, Latest News and Videos",Markets,http://www.cnn.com//money.cnn.com/data/markets/
http://www.cnn.com,"CNN - Breaking News, Latest News and Videos",Media,http://www.cnn.com//money.cnn.com/media
http://www.cnn.com,"CNN - Breaking News, Latest News and Videos",Personal Finance,http://www.cnn.com//money.cnn.com/pf/
http://www.cnn.com,"CNN - Breaking News, Latest News and Videos",Luxury,http://www.cnn.com/style/luxury
http://www.cnn.com,"CNN - Breaking News, Latest News and Videos",Political Op-Eds,http://www.cnn.com/specials/opinion/opinion-politics
http://www.cnn.com,"CNN - Breaking News, Latest News and Videos",Social Commentary,http://www.cnn.com/specials/opinion/opinion-social-issues
http://www.cnn.com,"CNN - Breaking News, Latest News and Videos",Diet + Fitness,http://www.cnn.com/specials/health/diet-fitness
http://www.cnn.com,"CNN - Breaking News, Latest News and Videos",Living Well,http://www.cnn.com/specials/health/living-well
http://www.cnn.com,"CNN - Breaking News, Latest News and Videos",Parenting + Family,http://www.cnn.com/specials/living/cnn-parents
http://www.cnn.com,"CNN - Breaking News, Latest News and Videos",Stars,http://www.cnn.com/entertainment/celebrities
http://www.cnn.com,"CNN - Breaking News, Latest News and Videos",Screen,http://www.cnn.com/entertainment/movies
http://www.cnn.com,"CNN - Breaking News, Latest News and Videos",Binge,http://www.cnn.com/entertainment/tv-shows
http://www.cnn.com,"CNN - Breaking News, Latest News and Videos",Culture,http://www.cnn.com//money.cnn.com/technology/culture
http://www.cnn.com,"CNN - Breaking News, Latest News and Videos",Business,http://www.cnn.com//money.cnn.com/technology/business
http://www.cnn.com,"CNN - Breaking News, Latest News and Videos",Gadgets,http://www.cnn.com//money.cnn.com/technology/gadgets
http://www.cnn.com,"CNN - Breaking News, Latest News and Videos",Future,http://www.cnn.com//money.cnn.com/technology/future
http://www.cnn.com,"CNN - Breaking News, Latest News and Videos",Startups,http://www.cnn.com//money.cnn.com/technology/startups
http://www.cnn.com,"CNN - Breaking News, Latest News and Videos",Fashion,http://www.cnn.com/style/fashion
http://www.cnn.com,"CNN - Breaking News, Latest News and Videos",Design,http://www.cnn.com/style/design
http://www.cnn.com,"CNN - Breaking News, Latest News and Videos",Architecture,http://www.cnn.com/style/architecture
http://www.cnn.com,"CNN - Breaking News, Latest News and Videos",Arts,http://www.cnn.com/style/arts
http://www.cnn.com,"CNN - Breaking News, Latest News and Videos",Autos,http://www.cnn.com/style/autos
http://www.cnn.com,"CNN - Breaking News, Latest News and Videos",Wonder,http://www.cnn.com/travel/wonder
http://www.cnn.com,"CNN - Breaking News, Latest News and Videos",Food & Drink,http://www.cnn.com/travel/food-and-drink
http://www.cnn.com,"CNN - Breaking News, Latest News and Videos",Play,http://www.cnn.com/travel/play
http://www.cnn.com,"CNN - Breaking News, Latest News and Videos",Stay,http://www.cnn.com/travel/stay
http://www.cnn.com,"CNN - Breaking News, Latest News and Videos",Videos,http://www.cnn.com/travel/videos
http://www.cnn.com,"CNN - Breaking News, Latest News and Videos",Pro Football,http://www.cnn.com//bleacherreport.com/nfl
http://www.cnn.com,"CNN - Breaking News, Latest News and Videos",College Football,http://www.cnn.com//bleacherreport.com/college-football
http://www.cnn.com,"CNN - Breaking News, Latest News and Videos",Basketball,http://www.cnn.com//bleacherreport.com/nba
http://www.cnn.com,"CNN - Breaking News, Latest News and Videos",Baseball,http://www.cnn.com//bleacherreport.com/mlb
http://www.cnn.com,"CNN - Breaking News, Latest News and Videos",Soccer,http://www.cnn.com//bleacherreport.com/world-football
http://www.cnn.com,"CNN - Breaking News, Latest News and Videos",Living,http://www.cnn.com/living
http://www.cnn.com,"CNN - Breaking News, Latest News and Videos",Food,http://www.cnn.com/specials/living/eatocracy
http://www.cnn.com,"CNN - Breaking News, Latest News and Videos",Relationships,http://www.cnn.com/specials/living/relationships
http://www.cnn.com,"CNN - Breaking News, Latest News and Videos",Religion,http://www.cnn.com/specials/belief
http://www.cnn.com,"CNN - Breaking News, Latest News and Videos",Live TV •,http://www.cnn.com//cnn.it/go2
http://www.cnn.com,"CNN - Breaking News, Latest News and Videos",Digital Studios,http://www.cnn.com/specials/digital-studios
http://www.cnn.com,"CNN - Breaking News, Latest News and Videos",CNN Films,http://www.cnn.com/specials/videos/digital-shorts
http://www.cnn.com,"CNN - Breaking News, Latest News and Videos",HLN,http://www.cnn.com/specials/videos/hln
http://www.cnn.com,"CNN - Breaking News, Latest News and Videos",TV Schedule,http://www.cnn.com/tv/schedule/cnn
http://www.cnn.com,"CNN - Breaking News, Latest News and Videos",TV Shows A-Z,http://www.cnn.com/specials/tv/all-shows
http://www.cnn.com,"CNN - Breaking News, Latest News and Videos",CNNVR,http://www.cnn.com/vr
http://www.cnn.com,"CNN - Breaking News, Latest News and Videos",How To Watch VR,http://www.cnn.com/2017/03/04/vr/how-to-watch-vr
http://www.cnn.com,"CNN - Breaking News, Latest News and Videos",Archives,http://www.cnn.com/specials/vr/vr-archives
http://www.cnn.com,"CNN - Breaking News, Latest News and Videos",More…,http://www.cnn.com/more
http://www.cnn.com,"CNN - Breaking News, Latest News and Videos",Photos,http://www.cnn.com/specials/photos
http://www.cnn.com,"CNN - Breaking News, Latest News and Videos",Longform,http://www.cnn.com/specials/cnn-longform
http://www.cnn.com,"CNN - Breaking News, Latest News and Videos",Investigations,http://www.cnn.com/specials/cnn-investigations
http://www.cnn.com,"CNN - Breaking News, Latest News and Videos",iReport,http://www.cnn.com/specials/opinions/cnnireport
http://www.cnn.com,"CNN - Breaking News, Latest News and Videos",CNN profiles,http://www.cnn.com/specials/profiles
http://www.cnn.com,"CNN - Breaking News, Latest News and Videos",CNN Leadership,http://www.cnn.com/specials/more/cnn-leadership
http://www.cnn.com,"CNN - Breaking News, Latest News and Videos",CNN Newsletters,http://www.cnn.com/email/subscription
http://www.cnn.com,"CNN - Breaking News, Latest News and Videos",Work for CNN,http://www.cnn.comhttp://www.wearecnn.com
http://www.cnn.com,"CNN - Breaking News, Latest News and Videos",Facebook,http://www.cnn.comhttps://www.facebook.com/cnn
http://www.cnn.com,"CNN - Breaking News, Latest News and Videos",Twitter,http://www.cnn.comhttps://twitter.com/cnn
http://www.cnn.com,"CNN - Breaking News, Latest News and Videos",Instagram,http://www.cnn.comhttps://instagram.com/cnn
http://www.cnn.com,"CNN - Breaking News, Latest News and Videos","Turner Broadcasting System, Inc.",http://www.cnn.comhttp://www.turner.com
http://www.cnn.com,"CNN - Breaking News, Latest News and Videos",Terms of Use,http://www.cnn.com/terms
http://www.cnn.com,"CNN - Breaking News, Latest News and Videos",Privacy Policy,http://www.cnn.com/privacy
http://www.cnn.com,"CNN - Breaking News, Latest News and Videos",AdChoices,http://www.cnn.com#
http://www.cnn.com,"CNN - Breaking News, Latest News and Videos",About us,http://www.cnn.com/about
http://www.cnn.com,"CNN - Breaking News, Latest News and Videos",Visit CNN,http://www.cnn.com/tour
http://www.cnn.com,"CNN - Breaking News, Latest News and Videos",Newsletters,http://www.cnn.com/newsletters
http://www.cnn.com,"CNN - Breaking News, Latest News and Videos",Help,http://www.cnn.com/help
http://www.cnn.com,"CNN - Breaking News, Latest News and Videos",Transcripts,http://www.cnn.com/transcripts
http://www.cnn.com,"CNN - Breaking News, Latest News and Videos",License Footage,http://www.cnn.com/collection
http://www.cnn.com,"CNN - Breaking News, Latest News and Videos",CNN Newsource,http://www.cnn.comhttp://cnnnewsource.com
Requested URL,URL Title,Link Description,Link Address
http://www.foxnews.com,Fox News - Breaking News Updates | Latest News Headlines | Photos & News Videos,Fox News,http://www.foxnews.com//www.foxnews.com
http://www.foxnews.com,Fox News - Breaking News Updates | Latest News Headlines | Photos & News Videos,Fox Business,http://www.foxnews.com//foxbusiness.com
http://www.foxnews.com,Fox News - Breaking News Updates | Latest News Headlines | Photos & News Videos,Fox News Go,http://www.foxnews.com//www.foxnewsgo.com
http://www.foxnews.com,Fox News - Breaking News Updates | Latest News Headlines | Photos & News Videos,Fox News Radio,http://www.foxnews.com//radio.foxnews.com
http://www.foxnews.com,Fox News - Breaking News Updates | Latest News Headlines | Photos & News Videos,Fox Nation,http://www.foxnews.com//nation.foxnews.com
http://www.foxnews.com,Fox News - Breaking News Updates | Latest News Headlines | Photos & News Videos,Fox News Insider,http://www.foxnews.com//foxnewsinsider.com/
http://www.foxnews.com,Fox News - Breaking News Updates | Latest News Headlines | Photos & News Videos,Search,http://www.foxnews.com#
http://www.foxnews.com,Fox News - Breaking News Updates | Latest News Headlines | Photos & News Videos,Fox News Facebook,http://www.foxnews.com//www.facebook.com/FoxNews
http://www.foxnews.com,Fox News - Breaking News Updates | Latest News Headlines | Photos & News Videos,Fox News Twitter,http://www.foxnews.com//twitter.com/FoxNews
http://www.foxnews.com,Fox News - Breaking News Updates | Latest News Headlines | Photos & News Videos,Fox News Google+,http://www.foxnews.com//plus.google.com/+FoxNews
http://www.foxnews.com,Fox News - Breaking News Updates | Latest News Headlines | Photos & News Videos,Home,http://www.foxnews.com//www.foxnews.com/
http://www.foxnews.com,Fox News - Breaking News Updates | Latest News Headlines | Photos & News Videos,Video,http://www.foxnews.com//video.foxnews.com/playlist/featured-editors-picks/
http://www.foxnews.com,Fox News - Breaking News Updates | Latest News Headlines | Photos & News Videos,Politics,http://www.foxnews.com//www.foxnews.com/politics.html
http://www.foxnews.com,Fox News - Breaking News Updates | Latest News Headlines | Photos & News Videos,U.S.,http://www.foxnews.com//www.foxnews.com/us.html
http://www.foxnews.com,Fox News - Breaking News Updates | Latest News Headlines | Photos & News Videos,Opinion,http://www.foxnews.com//www.foxnews.com/opinion.html
http://www.foxnews.com,Fox News - Breaking News Updates | Latest News Headlines | Photos & News Videos,Business,http://www.foxnews.com//foxbusiness.com
http://www.foxnews.com,Fox News - Breaking News Updates | Latest News Headlines | Photos & News Videos,Entertainment,http://www.foxnews.com//www.foxnews.com/entertainment.html
http://www.foxnews.com,Fox News - Breaking News Updates | Latest News Headlines | Photos & News Videos,Tech,http://www.foxnews.com//www.foxnews.com/tech.html
http://www.foxnews.com,Fox News - Breaking News Updates | Latest News Headlines | Photos & News Videos,Science,http://www.foxnews.com//www.foxnews.com/science.html
http://www.foxnews.com,Fox News - Breaking News Updates | Latest News Headlines | Photos & News Videos,Health,http://www.foxnews.com//www.foxnews.com/health.html
http://www.foxnews.com,Fox News - Breaking News Updates | Latest News Headlines | Photos & News Videos,Travel,http://www.foxnews.com//www.foxnews.com/travel.html
http://www.foxnews.com,Fox News - Breaking News Updates | Latest News Headlines | Photos & News Videos,Lifestyle,http://www.foxnews.com//www.foxnews.com/lifestyle.html
http://www.foxnews.com,Fox News - Breaking News Updates | Latest News Headlines | Photos & News Videos,World,http://www.foxnews.com//www.foxnews.com/world.html
http://www.foxnews.com,Fox News - Breaking News Updates | Latest News Headlines | Photos & News Videos,On Air,http://www.foxnews.com/shows.html
http://www.foxnews.com,Fox News - Breaking News Updates | Latest News Headlines | Photos & News Videos,SANCTUARY CITY CRACKDOWNHouse passes 'Kate's Law' in push to fight illegal immigration,http://www.foxnews.comhttp://www.foxnews.com/politics/2017/06/29/house-passes-kate-s-law-as-part-illegal-immigrant-crackdown.html
http://www.foxnews.com,Fox News - Breaking News Updates | Latest News Headlines | Photos & News Videos,"",http://www.foxnews.comhttp://www.foxnews.com/person/m/john-moody.html
http://www.foxnews.com,Fox News - Breaking News Updates | Latest News Headlines | Photos & News Videos,VIDEO: Kelly expresses support for immigration enforcement bills,http://www.foxnews.comhttp://video.foxnews.com/v/5487432802001/
http://www.foxnews.com,Fox News - Breaking News Updates | Latest News Headlines | Photos & News Videos,VIDEO: House GOPers send immigration message to local governments,http://www.foxnews.comhttp://video.foxnews.com/v/5487232218001/
http://www.foxnews.com,Fox News - Breaking News Updates | Latest News Headlines | Photos & News Videos,VIDEO: Trump pivots to fixing America's broken immigration system,http://www.foxnews.comhttp://video.foxnews.com/v/5486370402001/
http://www.foxnews.com,Fox News - Breaking News Updates | Latest News Headlines | Photos & News Videos,Border patrol agents rescue illegal immigrant left in Texas heat,http://www.foxnews.comhttp://www.foxnews.com/us/2017/06/26/border-patrol-agents-rescue-illegal-immigrant-left-in-texas-heat.html
http://www.foxnews.com,Fox News - Breaking News Updates | Latest News Headlines | Photos & News Videos,"Judge blocks planned deportation of more than 1,400 Iraqis",http://www.foxnews.comhttp://www.foxnews.com/us/2017/06/27/judge-blocks-planned-deportation-more-than-1400-iraqis.html
http://www.foxnews.com,Fox News - Breaking News Updates | Latest News Headlines | Photos & News Videos,FOX NEWS POLL  71% of voters say Trump's tweets hurting his agenda,http://www.foxnews.comhttp://www.foxnews.com/politics/2017/06/29/fox-news-poll-voters-say-trumps-tweets-hurting-agenda.html
http://www.foxnews.com,Fox News - Breaking News Updates | Latest News Headlines | Photos & News Videos,READ THE FULL POLL RESULTS,http://www.foxnews.comhttp://www.foxnews.com/politics/interactive/2017/06/29/fox-news-poll-june-29-2017.html
http://www.foxnews.com,Fox News - Breaking News Updates | Latest News Headlines | Photos & News Videos,"Sanders defends Trump's Mika tweet at heated briefing, says president 'fights fire with fire'",http://www.foxnews.comhttp://www.foxnews.com/politics/2017/06/29/sanders-defends-trumps-mika-tweet-at-heated-briefing-says-president-fights-fire-with-fire.html
http://www.foxnews.com,Fox News - Breaking News Updates | Latest News Headlines | Photos & News Videos,"Trump attacks 'Psycho' Joe Scarborough, 'Crazy' Mika on Twitter",http://www.foxnews.comhttp://www.foxnews.com/politics/2017/06/29/trump-attacks-psycho-joe-scarborough-crazy-mike-brzezinski-in-twitter-tear.html
http://www.foxnews.com,Fox News - Breaking News Updates | Latest News Headlines | Photos & News Videos,Starnes: CNN has secured its place as 'America's Fake News Leader',http://www.foxnews.comhttp://insider.foxnews.com/2017/06/29/todd-starnes-commentary-cnn-fake-news-trump-russia-investigation
http://www.foxnews.com,Fox News - Breaking News Updates | Latest News Headlines | Photos & News Videos,McCain: Trump's MSNBC remarks are 'beneath the dignity' of the WH,http://www.foxnews.comhttp://insider.foxnews.com/2017/06/29/president-trump-tweets-msnbc-joe-scarborough-mika-brzezinski-outnumbered-reacts
http://www.foxnews.com,Fox News - Breaking News Updates | Latest News Headlines | Photos & News Videos,'A DAMN INSULT' Bin Laden's shooter goes on tirade against VA,http://www.foxnews.comhttp://www.foxnews.com/politics/2017/06/29/usama-bin-ladens-killer-turns-twitter-wrath-to-sarah-sanders.html
http://www.foxnews.com,Fox News - Breaking News Updates | Latest News Headlines | Photos & News Videos,"Trump signs VA reform bill, following through on campaign promise",http://www.foxnews.comhttp://www.foxnews.com/politics/2017/06/23/trump-signs-va-reform-bill-following-through-on-campaign-promise.html
http://www.foxnews.com,Fox News - Breaking News Updates | Latest News Headlines | Photos & News Videos,"'MURDER ISLAND'7 tourists killed, body eaten by lizards in Thai horror",http://www.foxnews.comhttp://www.foxnews.com/world/2017/06/29/backpacker-reportedly-eaten-by-lizards-on-thai-island.html
http://www.foxnews.com,Fox News - Breaking News Updates | Latest News Headlines | Photos & News Videos,Georgia police arrest 3 teens who scalded then raped woman near her kids,http://www.foxnews.comhttp://www.foxnews.com/us/2017/06/29/georgia-police-arrest-3-teens-who-scalded-then-raped-woman-near-her-kids.html
http://www.foxnews.com,Fox News - Breaking News Updates | Latest News Headlines | Photos & News Videos,Car parked wrong way led officer to find dead toddler,http://www.foxnews.comhttp://www.foxnews.com/us/2017/06/29/car-parked-wrong-way-led-officer-to-find-dead-toddler.html
http://www.foxnews.com,Fox News - Breaking News Updates | Latest News Headlines | Photos & News Videos,'Killer Mountain': 2 missing climbers feared dead,http://www.foxnews.comhttp://www.foxnews.com/world/2017/06/29/killer-mountain-2-missing-climbers-feared-dead.html
http://www.foxnews.com,Fox News - Breaking News Updates | Latest News Headlines | Photos & News Videos,Russians call off search for missing climber from Colorado,http://www.foxnews.comhttp://www.foxnews.com/world/2017/06/29/russians-call-off-search-for-missing-climber-from-colorado.html
http://www.foxnews.com,Fox News - Breaking News Updates | Latest News Headlines | Photos & News Videos,"Russia probe pile-on: No fewer than 9 teams investigating collusion, meddling",http://www.foxnews.comhttp://www.foxnews.com/politics/2017/06/29/russia-probe-pile-on-no-fewer-than-9-teams-investigating-collusion-meddling.html
http://www.foxnews.com,Fox News - Breaking News Updates | Latest News Headlines | Photos & News Videos,Scaramucci calls Russia story 'nonsense',http://www.foxnews.comhttp://fxn.ws/2umHJ3F
http://www.foxnews.com,Fox News - Breaking News Updates | Latest News Headlines | Photos & News Videos,WATCH: 'Get your facts straight': Podesta and Bartiromo clash over Russia ties,http://www.foxnews.comhttp://bit.ly/2uoAxUn
http://www.foxnews.com,Fox News - Breaking News Updates | Latest News Headlines | Photos & News Videos,VIDEO: Russia investigation: Who's Who,http://www.foxnews.comhttp://bit.ly/2uoVKxw
http://www.foxnews.com,Fox News - Breaking News Updates | Latest News Headlines | Photos & News Videos,TODD STARNES: Teens threatened with arrest for praying -- in America!,http://www.foxnews.comhttp://www.toddstarnes.com/column/teens-threatened-with-arrest-for-praying-in-america
http://www.foxnews.com,Fox News - Breaking News Updates | Latest News Headlines | Photos & News Videos,New York Times employees stage walkout over copy desk cuts,http://www.foxnews.comhttp://www.foxnews.com/us/2017/06/29/new-york-times-employees-stage-walkout-over-copy-desk-cuts.html
http://www.foxnews.com,Fox News - Breaking News Updates | Latest News Headlines | Photos & News Videos,Two San Antonio cops shot in downtown incident,http://www.foxnews.comhttp://www.foxnews.com/us/2017/06/29/san-antonio-police-officers-shot-in-downtown-incident.html
http://www.foxnews.com,Fox News - Breaking News Updates | Latest News Headlines | Photos & News Videos,Seattle commissions new minimum-wage study after dismissing first results,http://www.foxnews.comhttp://www.foxnews.com/politics/2017/06/29/seattle-commissions-new-minimum-wage-study-after-dismissing-first-results.html
http://www.foxnews.com,Fox News - Breaking News Updates | Latest News Headlines | Photos & News Videos,"TODD STARNES: Government hostility to religion spiked under Obama, new report shows",http://www.foxnews.comhttp://www.foxnews.com/opinion/2017/06/29/government-hostility-to-religion-spiked-under-obama-new-report-finds.html
http://www.foxnews.com,Fox News - Breaking News Updates | Latest News Headlines | Photos & News Videos,JFK Terminal 4 restaurant fire fills busy New York airport with smoke,http://www.foxnews.comhttp://www.foxnews.com/travel/2017/06/29/jfk-terminal-4-restaurant-fire-fills-busy-new-york-airport-with-smoke.html
http://www.foxnews.com,Fox News - Breaking News Updates | Latest News Headlines | Photos & News Videos,Woman faints after breaking $44G bracelet in store,http://www.foxnews.comhttps://www.aol.com/article/finance/2017/06/28/woman-breaks-44-000-jade-bracelet/23006620/?ncid=txtlnkusaolp00000058&
http://www.foxnews.com,Fox News - Breaking News Updates | Latest News Headlines | Photos & News Videos,Maine restaurant workers successfully lobby to lower the minimum wage,http://www.foxnews.comhttp://www.foxnews.com/food-drink/2017/06/29/maine-restaurant-workers-successfully-lobby-to-lower-minimum-wage.html
http://www.foxnews.com,Fox News - Breaking News Updates | Latest News Headlines | Photos & News Videos,Navy husband welcomed home by wife's surprise baby bump,http://www.foxnews.comhttp://www.foxnews.com/health/2017/06/29/navy-husband-welcomed-home-by-wifes-surprise-baby-bump.html
http://www.foxnews.com,Fox News - Breaking News Updates | Latest News Headlines | Photos & News Videos,"Last ISIS escape route in Raqqa hub cut off, Syrian monitors say",http://www.foxnews.comhttp://www.foxnews.com/world/2017/06/29/syrian-us-backed-forces-seize-last-route-into-raqqa.html
http://www.foxnews.com,Fox News - Breaking News Updates | Latest News Headlines | Photos & News Videos,McMaster: Military option for N. Korea being prepared,http://www.foxnews.comhttp://www.foxnews.com/world/2017/06/29/military-option-for-north-korea-being-prepared-for-trump-mcmaster-says.html
http://www.foxnews.com,Fox News - Breaking News Updates | Latest News Headlines | Photos & News Videos,How US Marines saved South Korean president's parents in epic battle,http://www.foxnews.comhttp://www.foxnews.com/world/2017/06/29/how-us-marines-saved-south-korean-presidents-parents-in-epic-battle.html
http://www.foxnews.com,Fox News - Breaking News Updates | Latest News Headlines | Photos & News Videos,"BELLWETHER: For Trump, South Korea is yuge",http://www.foxnews.comhttp://fxn.ws/2sUjN9X
http://www.foxnews.com,Fox News - Breaking News Updates | Latest News Headlines | Photos & News Videos,VIDEO: North Korea: What options does US have?,http://www.foxnews.comhttp://video.foxnews.com/v/http://bit.ly/2sLhODd/?
http://www.foxnews.com,Fox News - Breaking News Updates | Latest News Headlines | Photos & News Videos,"Jail for ex-Catholic school teacher, 43, who had 'frequent sex' with her 13-year-old student",http://www.foxnews.comhttp://www.foxnews.com/world/2017/06/28/ex-catholic-school-teacher-sentenced-to-1-year-in-jail-for-sexual-relationship-with-teen.html
http://www.foxnews.com,Fox News - Breaking News Updates | Latest News Headlines | Photos & News Videos,WATCH: Pregnant woman runs over purse-snatching suspect in Walmart parking lot,http://www.foxnews.comhttp://www.foxnews.com/us/2017/06/29/pregnant-woman-runs-over-purse-snatching-suspect-in-walmart-parking-lot-see-video.html
http://www.foxnews.com,Fox News - Breaking News Updates | Latest News Headlines | Photos & News Videos,Travel ban takes flight: Trump admin. sets new rules for visa applicants,http://www.foxnews.comhttp://www.foxnews.com/politics/2017/06/29/trump-administration-sets-new-visa-rules-for-travel-ban-countries-report-says.html
http://www.foxnews.com,Fox News - Breaking News Updates | Latest News Headlines | Photos & News Videos,Who does Trump's order block from entering US?,http://www.foxnews.comhttp://fxn.ws/2t4VSmo
http://www.foxnews.com,Fox News - Breaking News Updates | Latest News Headlines | Photos & News Videos,"NJ millionaires-on-welfare bust: More arrests to come, prosecutor says",http://www.foxnews.comhttp://www.foxbusiness.com/features/2017/06/29/nj-millionaires-on-welfare-bust-more-arrests-to-come-prosecutor-says.html
http://www.foxnews.com,Fox News - Breaking News Updates | Latest News Headlines | Photos & News Videos,French mayor bans Muslims from wearing burkinis and headscarves at leisure park,http://www.foxnews.comhttps://heatst.com/world/french-mayor-bans-muslims-from-wearing-burkinis-and-headscarves-at-leisure-park/
http://www.foxnews.com,Fox News - Breaking News Updates | Latest News Headlines | Photos & News Videos,"Sanders pans FBI probe of wife as ‘pathetic,’ but the allegations are serious",http://www.foxnews.comhttp://www.foxnews.com/politics/2017/06/29/sanders-pans-pathetic-probe-wifes-loan-but-complaint-raises-red-flags.html
http://www.foxnews.com,Fox News - Breaking News Updates | Latest News Headlines | Photos & News Videos,"Sanders investigation: A look at Bernie's wife, Jane, who's subject of FBI probe",http://www.foxnews.comhttp://www.foxnews.com/politics/2017/06/29/sanders-investigation-look-bernies-wife-jane-whos-subject-fbi-probe.html?
http://www.foxnews.com,Fox News - Breaking News Updates | Latest News Headlines | Photos & News Videos,VIDEO: FBI investigating Bernie Sanders' wife over real estate deal,http://www.foxnews.comhttp://video.foxnews.com/v/5484523210001/?
http://www.foxnews.com,Fox News - Breaking News Updates | Latest News Headlines | Photos & News Videos,"UN colluding with terrorist backers at UN forum on Israeli occupation, critics say",http://www.foxnews.comhttp://www.foxnews.com/world/2017/06/29/un-colluding-with-terrorist-backers-at-un-forum-on-israeli-occupation-critics-say.html
http://www.foxnews.com,Fox News - Breaking News Updates | Latest News Headlines | Photos & News Videos,Italy may close ports to non-EU citizens as migrant crisis intensifies,http://www.foxnews.comhttps://heatst.com/world/italy-may-close-ports-to-non-eu-citizens-as-migrant-crisis-intensifies/
http://www.foxnews.com,Fox News - Breaking News Updates | Latest News Headlines | Photos & News Videos,Greta Van Susteren out as MSNBC host,http://www.foxnews.comhttp://www.foxnews.com/entertainment/2017/06/29/greta-van-susteren-out-as-msnbc-host.html
http://www.foxnews.com,Fox News - Breaking News Updates | Latest News Headlines | Photos & News Videos,SLIDESHOW: North Korea's military power,http://www.foxnews.comhttp://www.foxnews.com/world/slideshow/2017/06/29/north-koreas-military-power.html#/slide/north-korean-soldiers-march-in-a-military-parade-in-pyongyang--north-korea-april-15--2017
http://www.foxnews.com,Fox News - Breaking News Updates | Latest News Headlines | Photos & News Videos,VIDEO: Inside look at the brutal Pyongyang regime,http://www.foxnews.comhttp://video.foxnews.com/v/5487163812001/?
http://www.foxnews.com,Fox News - Breaking News Updates | Latest News Headlines | Photos & News Videos,COMPLETE COVERAGE OF NORTH KOREA CRISIS,http://www.foxnews.comhttp://www.foxnews.com/live-coverage/north-korea-conflict?
http://www.foxnews.com,Fox News - Breaking News Updates | Latest News Headlines | Photos & News Videos,"US blacklists China bank, revving up pressure over North Korea",http://www.foxnews.comhttp://fxn.ws/2tqylhZ
http://www.foxnews.com,Fox News - Breaking News Updates | Latest News Headlines | Photos & News Videos,BELLWETHER: 'You're safe!' Hero umpire saves suicidal woman,http://www.foxnews.comhttp://www.foxnews.com/opinion/2017/06/29/youre-safe-hero-umpire-saves-suicidal-woman.html
http://www.foxnews.com,Fox News - Breaking News Updates | Latest News Headlines | Photos & News Videos,Ancient Native American canoe hundreds of years old found in Louisiana,http://www.foxnews.comhttp://www.foxnews.com/us/2017/06/29/ancient-native-american-canoe-hundreds-years-old-found-in-louisiana.html
http://www.foxnews.com,Fox News - Breaking News Updates | Latest News Headlines | Photos & News Videos,Close,http://www.foxnews.com#
http://www.foxnews.com,Fox News - Breaking News Updates | Latest News Headlines | Photos & News Videos,Detailed Forecast,http://www.foxnews.com/weather/your-weather/index.html
http://www.foxnews.com,Fox News - Breaking News Updates | Latest News Headlines | Photos & News Videos,Jerry's rare car for sale,http://www.foxnews.comhttp://www.foxnews.com/auto/2017/06/29/porsche-911-gt3-rs-once-owned-by-jerry-seinfeld-heads-to-auction.html
http://www.foxnews.com,Fox News - Breaking News Updates | Latest News Headlines | Photos & News Videos,Paris Hilton's racy new look,http://www.foxnews.comhttp://www.foxnews.com/entertainment/2017/06/29/paris-hilton-launches-lingerie-line-gives-fans-sneak-peek.html
http://www.foxnews.com,Fox News - Breaking News Updates | Latest News Headlines | Photos & News Videos,Joy's crude Melania diss,http://www.foxnews.comhttp://www.foxnews.com/entertainment/2017/06/29/joy-behar-feels-sorry-for-melania-trump-had-to-sleep-with-him-once.html
http://www.foxnews.com,Fox News - Breaking News Updates | Latest News Headlines | Photos & News Videos,Mayim Bialik reveals illness,http://www.foxnews.comhttp://www.foxnews.com/entertainment/2017/06/29/big-bang-theory-star-mayim-bialik-wont-be-able-to-speak-for-month.html
http://www.foxnews.com,Fox News - Breaking News Updates | Latest News Headlines | Photos & News Videos,Model's honest response,http://www.foxnews.comhttp://www.foxnews.com/lifestyle/2017/06/28/curvy-models-photos-show-why-swimsuit-shopping-is-worst.html
http://www.foxnews.com,Fox News - Breaking News Updates | Latest News Headlines | Photos & News Videos,Jenners: We are very sorry,http://www.foxnews.comhttp://www.foxnews.com/lifestyle/2017/06/29/kendall-and-kylie-under-fire-on-social-media-for-vintage-t-shirt-line.html
http://www.foxnews.com,Fox News - Breaking News Updates | Latest News Headlines | Photos & News Videos,Foam could save military lives,http://www.foxnews.comhttp://www.foxnews.com/tech/2017/06/29/this-foam-could-save-your-life.html
http://www.foxnews.com,Fox News - Breaking News Updates | Latest News Headlines | Photos & News Videos,MTV star out of control?,http://www.foxnews.comhttp://www.foxnews.com/entertainment/2017/06/29/mtv-speaks-out-against-impaired-driving-after-teen-mom-og-episode.html
http://www.foxnews.com,Fox News - Breaking News Updates | Latest News Headlines | Photos & News Videos,The Dude: Rooting for Trump,http://www.foxnews.comhttp://www.foxnews.com/entertainment/2017/06/29/jeff-bridges-on-president-trump-im-rooting-for-him-to-do-well-by-our-country.html
http://www.foxnews.com,Fox News - Breaking News Updates | Latest News Headlines | Photos & News Videos,Leno: Lay off Trump jokes,http://www.foxnews.comhttp://www.foxnews.com/entertainment/2017/06/29/jay-leno-thinks-late-night-anti-trump-jokes-are-getting-old.html
http://www.foxnews.com,Fox News - Breaking News Updates | Latest News Headlines | Photos & News Videos,Lowe: I saw Bigfoot,http://www.foxnews.comhttp://www.foxnews.com/entertainment/2017/06/29/rob-lowe-claims-to-have-seen-bigfoot-while-filming-new-tv-show.html
http://www.foxnews.com,Fox News - Breaking News Updates | Latest News Headlines | Photos & News Videos,Shocking 'Friends' statistic,http://www.foxnews.comhttp://www.foxnews.com/food-drink/2017/06/29/friends-fan-determines-how-many-cups-coffee-each-character-drank.html
http://www.foxnews.com,Fox News - Breaking News Updates | Latest News Headlines | Photos & News Videos,Grisly 'Temple of Doom' find,http://www.foxnews.comhttp://www.foxnews.com/science/2017/06/29/temple-doom-grisly-skull-cult-discovery-at-ancient-site.html
http://www.foxnews.com,Fox News - Breaking News Updates | Latest News Headlines | Photos & News Videos,11 rowdy passengers booted,http://www.foxnews.comhttp://www.foxnews.com/travel/2017/06/29/alaska-airlines-kicks-out-11-passengers-for-being-disruptive-making-inappropriate-comments.html
http://www.foxnews.com,Fox News - Breaking News Updates | Latest News Headlines | Photos & News Videos,"DJIA
									 
									 
									 ",http://www.foxnews.comhttp://quote.foxbusiness.com/symbol/i:dji/snapshot
http://www.foxnews.com,Fox News - Breaking News Updates | Latest News Headlines | Photos & News Videos,"Nasdaq
									 
									 
									 ",http://www.foxnews.comhttp://quote.foxbusiness.com/symbol/i:comp/snapshot
http://www.foxnews.com,Fox News - Breaking News Updates | Latest News Headlines | Photos & News Videos,"S&P 500
									 
									 
									 ",http://www.foxnews.comhttp://www.foxbusiness.com/quote.html?stockTicker=SP500
http://www.foxnews.com,Fox News - Breaking News Updates | Latest News Headlines | Photos & News Videos,"Gold
									 
									 
									 ",http://www.foxnews.comhttp://www.foxbusiness.com/category/markets/commodities.html
http://www.foxnews.com,Fox News - Breaking News Updates | Latest News Headlines | Photos & News Videos,North Korea is desperate to avoid military conflict: Author Michael Malice,http://www.foxnews.comhttp://www.foxbusiness.com/politics/2017/06/29/north-korea-is-desperate-to-avoid-military-conflict-author-michael-malice.html
http://www.foxnews.com,Fox News - Breaking News Updates | Latest News Headlines | Photos & News Videos,Nike posts higher-than-expected quarterly revenue,http://www.foxnews.comhttp://www.foxbusiness.com/markets/2017/06/29/nike-posts-higher-than-expected-quarterly-revenue.html
http://www.foxnews.com,Fox News - Breaking News Updates | Latest News Headlines | Photos & News Videos,GOP donor holding money ransom until Trump agenda passed,http://www.foxnews.comhttp://www.foxbusiness.com/politics/2017/06/29/gop-donor-holding-money-ransom-until-trump-agenda-passed.html
http://www.foxnews.com,Fox News - Breaking News Updates | Latest News Headlines | Photos & News Videos,Stocks turn red as traders retreat from tech,http://www.foxnews.comhttp://www.foxbusiness.com/markets/2017/06/29/financials-lead-gains-in-global-shares.html
http://www.foxnews.com,Fox News - Breaking News Updates | Latest News Headlines | Photos & News Videos,Continue to Fox Business,http://www.foxnews.comhttp://www.foxbusiness.com/
http://www.foxnews.com,Fox News - Breaking News Updates | Latest News Headlines | Photos & News Videos, ,http://www.foxnews.com#
http://www.foxnews.com,Fox News - Breaking News Updates | Latest News Headlines | Photos & News Videos,Full Schedule,http://www.foxnews.comhttp://www.foxnews.com/fnctv/index.html
http://www.foxnews.com,Fox News - Breaking News Updates | Latest News Headlines | Photos & News Videos,Proud American,http://www.foxnews.comhttp://www.foxnews.com/content-spotlight/fox-news/proud-american/index.html
http://www.foxnews.com,Fox News - Breaking News Updates | Latest News Headlines | Photos & News Videos,Continue to Proud American,http://www.foxnews.comhttp://www.foxnews.com/content-spotlight/fox-news/proud-american/index.html
http://www.foxnews.com,Fox News - Breaking News Updates | Latest News Headlines | Photos & News Videos,Veterans across US receive day of free dental care at nationwide chain,http://www.foxnews.comhttp://www.foxnews.com/health/2017/06/29/veterans-across-us-receive-day-free-dental-care-at-nationwide-chain.html
http://www.foxnews.com,Fox News - Breaking News Updates | Latest News Headlines | Photos & News Videos,Watch aid worker risk his life to save little girl in Mosul,http://www.foxnews.comhttp://video.foxnews.com/v/5487684005001/
http://www.foxnews.com,Fox News - Breaking News Updates | Latest News Headlines | Photos & News Videos,Wounded warriors help save dying coral reef,http://www.foxnews.comhttp://video.foxnews.com/v/5487221499001/
http://www.foxnews.com,Fox News - Breaking News Updates | Latest News Headlines | Photos & News Videos,Manchin: ObamaCare repeal a political promise that won't fly,http://www.foxnews.comhttp://video.foxnews.com/v/5487869864001/?playlist_id=2114913880001
http://www.foxnews.com,Fox News - Breaking News Updates | Latest News Headlines | Photos & News Videos,Kurtz: Counter-puncher Trump delivers self-inflicted wound,http://www.foxnews.comhttp://video.foxnews.com/v/5487855211001/?playlist_id=2114913880001
http://www.foxnews.com,Fox News - Breaking News Updates | Latest News Headlines | Photos & News Videos,Trump's tweets dominate White House press briefing,http://www.foxnews.comhttp://video.foxnews.com/v/5487764146001/?playlist_id=2114913880001
http://www.foxnews.com,Fox News - Breaking News Updates | Latest News Headlines | Photos & News Videos,How Senate health care bill will impact the opioid crisis,http://www.foxnews.comhttp://video.foxnews.com/v/5487713860001/?playlist_id=2114913880001
http://www.foxnews.com,Fox News - Breaking News Updates | Latest News Headlines | Photos & News Videos,Continue to Opinion,http://www.foxnews.comhttp://www.foxnews.com/opinion.html
http://www.foxnews.com,Fox News - Breaking News Updates | Latest News Headlines | Photos & News Videos,Ex-CIA: Media leaks put lives of US foreign agents -- and Americans -- at risk. Is that...,http://www.foxnews.comhttp://www.foxnews.com/opinion/2017/06/29/ex-cia-media-leaks-put-lives-us-foreign-agents-and-americans-at-risk-is-that-worth-scoop.html
http://www.foxnews.com,Fox News - Breaking News Updates | Latest News Headlines | Photos & News Videos,"John Bolton: Iran, Russia are not our friends. It's time for a post-ISIS strategy, America",http://www.foxnews.comhttp://www.foxnews.com/opinion/2017/06/29/john-bolton-iran-russia-are-not-our-friends-its-time-for-post-isis-strategy-america.html
http://www.foxnews.com,Fox News - Breaking News Updates | Latest News Headlines | Photos & News Videos,Rove: Obama has some nerve as he attacks Senate Republicans on health care,http://www.foxnews.comhttp://www.foxnews.com/opinion/2017/06/29/rove-obama-has-some-nerve-as-attacks-senate-republicans-on-health-care.html
http://www.foxnews.com,Fox News - Breaking News Updates | Latest News Headlines | Photos & News Videos,Karl Rove,http://www.foxnews.comhttp://www.foxnews.com/person/r/karl-rove.html
http://www.foxnews.com,Fox News - Breaking News Updates | Latest News Headlines | Photos & News Videos,"""You're Safe!"" Hero umpire saves suicidal woman",http://www.foxnews.comhttp://www.foxnews.com/opinion/2017/06/29/youre-safe-hero-umpire-saves-suicidal-woman.html
http://www.foxnews.com,Fox News - Breaking News Updates | Latest News Headlines | Photos & News Videos,John Moody,http://www.foxnews.comhttp://www.foxnews.com/person/m/john-moody.html
http://www.foxnews.com,Fox News - Breaking News Updates | Latest News Headlines | Photos & News Videos,Travel + Outdoors,http://www.foxnews.comhttp://www.foxnews.com/travel.html
http://www.foxnews.com,Fox News - Breaking News Updates | Latest News Headlines | Photos & News Videos,Continue to Travel + Outdoors,http://www.foxnews.comhttp://www.foxnews.com/travel.html
http://www.foxnews.com,Fox News - Breaking News Updates | Latest News Headlines | Photos & News Videos,"Alaska Airlines kicks out 11 passengers for being 'disruptive,' making 'inappropriate comments'",http://www.foxnews.comhttp://www.foxnews.com/travel/2017/06/29/alaska-airlines-kicks-out-11-passengers-for-being-disruptive-making-inappropriate-comments.html
http://www.foxnews.com,Fox News - Breaking News Updates | Latest News Headlines | Photos & News Videos,Travel ban: Who does Trump's executive order block from entering the US?,http://www.foxnews.comhttp://www.foxnews.com/politics/2017/06/29/travel-ban-who-does-trumps-executive-order-block-from-entering-us.html
http://www.foxnews.com,Fox News - Breaking News Updates | Latest News Headlines | Photos & News Videos,Rob Lowe claims to have seen Bigfoot while filming new TV show,http://www.foxnews.comhttp://www.foxnews.com/entertainment/2017/06/29/rob-lowe-claims-to-have-seen-bigfoot-while-filming-new-tv-show.html
http://www.foxnews.com,Fox News - Breaking News Updates | Latest News Headlines | Photos & News Videos,See all trends,http://www.foxnews.com/trending
http://www.foxnews.com,Fox News - Breaking News Updates | Latest News Headlines | Photos & News Videos,"House passes Kate’s Law, as part of illegal immigrant crackdown",http://www.foxnews.comhttp://www.foxnews.com/politics/2017/06/29/house-passes-kate-s-law-as-part-illegal-immigrant-crackdown.html
http://www.foxnews.com,Fox News - Breaking News Updates | Latest News Headlines | Photos & News Videos,"Thai island horror: 7 tourists killed, body eaten by lizards",http://www.foxnews.comhttp://www.foxnews.com/world/2017/06/29/thai-island-horror-7-tourists-killed-body-eaten-by-lizards.html
http://www.foxnews.com,Fox News - Breaking News Updates | Latest News Headlines | Photos & News Videos,Usama bin Laden's killer turns Twitter wrath to 'awful' VA,http://www.foxnews.comhttp://www.foxnews.com/politics/2017/06/29/usama-bin-ladens-killer-turns-twitter-wrath-to-awful-va.html
http://www.foxnews.com,Fox News - Breaking News Updates | Latest News Headlines | Photos & News Videos,Food + Drink,http://www.foxnews.comhttp://www.foxnews.com/food-drink.html
http://www.foxnews.com,Fox News - Breaking News Updates | Latest News Headlines | Photos & News Videos,Continue to Food + Drink,http://www.foxnews.comhttp://www.foxnews.com/food-drink.html
http://www.foxnews.com,Fox News - Breaking News Updates | Latest News Headlines | Photos & News Videos,Denver marijuana industry is eating into area’s restaurant jobs,http://www.foxnews.comhttp://www.foxnews.com/food-drink/2017/03/31/denver-marijuana-industry-is-eating-into-area-s-restaurant-jobs.html
http://www.foxnews.com,Fox News - Breaking News Updates | Latest News Headlines | Photos & News Videos,"Confederate flag can't be removed from lawn of ice cream shop, despite owner's wishes",http://www.foxnews.comhttp://www.foxnews.com/food-drink/2017/06/26/confederate-flag-cant-be-removed-from-lawn-ice-cream-shop-despite-owners-wishes.html
http://www.foxnews.com,Fox News - Breaking News Updates | Latest News Headlines | Photos & News Videos,‘No MSG’ restaurant in Florida busted with 15-pound tub of MSG,http://www.foxnews.comhttp://www.foxnews.com/food-drink/2017/06/29/no-msg-restaurant-in-florida-busted-with-15-pound-tub-msg.html
http://www.foxnews.com,Fox News - Breaking News Updates | Latest News Headlines | Photos & News Videos,Business Leaders,http://www.foxnews.comhttp://www.foxbusiness.com/category/business-leaders.html
http://www.foxnews.com,Fox News - Breaking News Updates | Latest News Headlines | Photos & News Videos,Continue to Business Leaders,http://www.foxnews.comhttp://www.foxbusiness.com/category/business-leaders.html
http://www.foxnews.com,Fox News - Breaking News Updates | Latest News Headlines | Photos & News Videos,Billionaire investor Icahn backs off demand for AIG breakup: Report,http://www.foxnews.comhttp://www.foxbusiness.com/markets/2017/06/29/billionaire-investor-icahn-backs-off-demand-for-aig-breakup-report.html
http://www.foxnews.com,Fox News - Breaking News Updates | Latest News Headlines | Photos & News Videos,Gold Miners: How to get the best players in the space,http://www.foxnews.comhttp://www.foxbusiness.com/markets/2017/06/29/gold-miners-how-to-get-best-players-in-space.html
http://www.foxnews.com,Fox News - Breaking News Updates | Latest News Headlines | Photos & News Videos,Buffett's Berkshire on verge of becoming BofA's top shareholder,http://www.foxnews.comhttp://www.foxbusiness.com/markets/2017/06/29/buffetts-berkshire-on-verge-becoming-bofas-top-shareholder.html
http://www.foxnews.com,Fox News - Breaking News Updates | Latest News Headlines | Photos & News Videos,"U.S. now has a voice in the world's energy market, says Laredo Petroleum CEO",http://www.foxnews.comhttp://www.foxbusiness.com/politics/2017/06/28/u-s-now-has-voice-in-worlds-energy-market-says-laredo-petroleum-ceo.html
http://www.foxnews.com,Fox News - Breaking News Updates | Latest News Headlines | Photos & News Videos,Continue to Health,http://www.foxnews.comhttp://www.foxnews.com/health.html
http://www.foxnews.com,Fox News - Breaking News Updates | Latest News Headlines | Photos & News Videos,Are stomach balloons the future of weight loss?,http://www.foxnews.comhttp://www.foxnews.com/health/2017/06/29/are-stomach-balloons-future-weight-loss.html
http://www.foxnews.com,Fox News - Breaking News Updates | Latest News Headlines | Photos & News Videos,Legionnaires outbreak at The Guest House at Graceland sickens 3,http://www.foxnews.comhttp://www.foxnews.com/health/2017/06/29/legionnaires-outbreak-at-guest-house-at-graceland-sickens-3.html
http://www.foxnews.com,Fox News - Breaking News Updates | Latest News Headlines | Photos & News Videos,Could humans live forever one day? A new study says it may be possible,http://www.foxnews.comhttp://www.foxnews.com/health/2017/06/29/could-humans-live-forever-one-day-new-study-says-it-may-be-possible.html
http://www.foxnews.com,Fox News - Breaking News Updates | Latest News Headlines | Photos & News Videos,Technology,http://www.foxnews.comhttp://www.foxnews.com/tech.html
http://www.foxnews.com,Fox News - Breaking News Updates | Latest News Headlines | Photos & News Videos,Continue to Technology,http://www.foxnews.comhttp://www.foxnews.com/tech.html
http://www.foxnews.com,Fox News - Breaking News Updates | Latest News Headlines | Photos & News Videos,"Tiny, lens-free camera could hide in clothes, glasses",http://www.foxnews.comhttp://www.foxnews.com/tech/2017/06/29/tiny-lens-free-camera-could-hide-in-clothes-glasses.html
http://www.foxnews.com,Fox News - Breaking News Updates | Latest News Headlines | Photos & News Videos,Garth Brooks speaks to NASA astronaut in orbit using Facebook Live,http://www.foxnews.comhttp://www.foxnews.com/tech/2017/06/29/garth-brooks-speaks-to-nasa-astronaut-in-orbit-using-facebook-live.html
http://www.foxnews.com,Fox News - Breaking News Updates | Latest News Headlines | Photos & News Videos,Instagram using machine learning to block offensive comments,http://www.foxnews.comhttp://www.foxnews.com/tech/2017/06/29/instagram-using-machine-learning-to-block-offensive-comments.html
http://www.foxnews.com,Fox News - Breaking News Updates | Latest News Headlines | Photos & News Videos,Unclear whether money was motive behind Petya malware,http://www.foxnews.comhttp://video.foxnews.com/v/5487482510001/
http://www.foxnews.com,Fox News - Breaking News Updates | Latest News Headlines | Photos & News Videos,Cloud Innovation,http://www.foxnews.comhttp://www.foxbusiness.com/category/technology/cloud-innovations.html
http://www.foxnews.com,Fox News - Breaking News Updates | Latest News Headlines | Photos & News Videos,Continue to Cloud Innovation,http://www.foxnews.comhttp://www.foxbusiness.com/category/technology/cloud-innovations.html
http://www.foxnews.com,Fox News - Breaking News Updates | Latest News Headlines | Photos & News Videos,Apple’s next 10 years: What to expect,http://www.foxnews.comhttp://video.foxbusiness.com/v/5487714921001/
http://www.foxnews.com,Fox News - Breaking News Updates | Latest News Headlines | Photos & News Videos,Health care reform; Fmr. Apple CEO John Sculley says look to the cloud,http://www.foxnews.comhttp://video.foxbusiness.com/v/5479922265001/
http://www.foxnews.com,Fox News - Breaking News Updates | Latest News Headlines | Photos & News Videos,Why embracing tech can improve health care,http://www.foxnews.comhttp://video.foxbusiness.com/v/5479861330001/
http://www.foxnews.com,Fox News - Breaking News Updates | Latest News Headlines | Photos & News Videos,Trump meets with tech CEOs at White House,http://www.foxnews.comhttp://video.foxbusiness.com/v/5476920981001/
http://www.foxnews.com,Fox News - Breaking News Updates | Latest News Headlines | Photos & News Videos,Continue to Entertainment,http://www.foxnews.comhttp://www.foxnews.com/entertainment.html
http://www.foxnews.com,Fox News - Breaking News Updates | Latest News Headlines | Photos & News Videos,"MSNBC fires Greta Van Susteren, replaces her with liberal host",http://www.foxnews.comhttp://www.foxnews.com/entertainment/2017/06/29/msnbc-fires-greta-van-susteren-replaces-her-with-liberal-host.html
http://www.foxnews.com,Fox News - Breaking News Updates | Latest News Headlines | Photos & News Videos,Jeff Bridges on President Trump: 'I'm rooting for him to do well by our country',http://www.foxnews.comhttp://www.foxnews.com/entertainment/2017/06/29/jeff-bridges-on-president-trump-im-rooting-for-him-to-do-well-by-our-country.html
http://www.foxnews.com,Fox News - Breaking News Updates | Latest News Headlines | Photos & News Videos,Joy Behar 'feels sorry' for Melania Trump: 'She had to sleep with him once',http://www.foxnews.comhttp://www.foxnews.com/entertainment/2017/06/29/joy-behar-feels-sorry-for-melania-trump-had-to-sleep-with-him-once.html
http://www.foxnews.com,Fox News - Breaking News Updates | Latest News Headlines | Photos & News Videos,MTV speaks out against impaired driving after 'Teen Mom OG' episode,http://www.foxnews.comhttp://www.foxnews.com/entertainment/2017/06/29/mtv-speaks-out-against-impaired-driving-after-teen-mom-og-episode.html
http://www.foxnews.com,Fox News - Breaking News Updates | Latest News Headlines | Photos & News Videos,Sports,http://www.foxnews.com//www.foxnews.com/sports.html
http://www.foxnews.com,Fox News - Breaking News Updates | Latest News Headlines | Photos & News Videos,Weather,http://www.foxnews.com//www.foxnews.com/weather/index.html
http://www.foxnews.com,Fox News - Breaking News Updates | Latest News Headlines | Photos & News Videos,America's News HQ,http://www.foxnews.com//www.foxnews.com/on-air/americas-news-hq/index.html
http://www.foxnews.com,Fox News - Breaking News Updates | Latest News Headlines | Photos & News Videos,America's Newsroom,http://www.foxnews.com//www.foxnews.com/on-air/americas-newsroom/index.html
http://www.foxnews.com,Fox News - Breaking News Updates | Latest News Headlines | Photos & News Videos,Cavuto,http://www.foxnews.com//www.foxnews.com/shows/your-world-cavuto.html
http://www.foxnews.com,Fox News - Breaking News Updates | Latest News Headlines | Photos & News Videos,Fox Files,http://www.foxnews.com//www.foxnews.com/on-air/fox-files/
http://www.foxnews.com,Fox News - Breaking News Updates | Latest News Headlines | Photos & News Videos,Fox News Reporting,http://www.foxnews.com//www.foxnews.com/shows/fox-news-reporting.html
http://www.foxnews.com,Fox News - Breaking News Updates | Latest News Headlines | Photos & News Videos,Fox News Sunday,http://www.foxnews.com//www.foxnews.com/on-air/fox-news-sunday-chris-wallace/
http://www.foxnews.com,Fox News - Breaking News Updates | Latest News Headlines | Photos & News Videos,Fox & Friends First,http://www.foxnews.com//www.foxnews.com/on-air/fox-and-friends-first/
http://www.foxnews.com,Fox News - Breaking News Updates | Latest News Headlines | Photos & News Videos,Fox & Friends,http://www.foxnews.com//www.foxnews.com/on-air/fox-and-friends/index.html
http://www.foxnews.com,Fox News - Breaking News Updates | Latest News Headlines | Photos & News Videos,Fox & Friends Weekend,http://www.foxnews.com//www.foxnews.com/on-air/fox-and-friends/index.html?page=weekend
http://www.foxnews.com,Fox News - Breaking News Updates | Latest News Headlines | Photos & News Videos,Geraldo Rivera Reports,http://www.foxnews.com//www.foxnews.com/on-air/geraldo/index.html
http://www.foxnews.com,Fox News - Breaking News Updates | Latest News Headlines | Photos & News Videos,Hannity,http://www.foxnews.com//www.foxnews.com/on-air/hannity/index.html
http://www.foxnews.com,Fox News - Breaking News Updates | Latest News Headlines | Photos & News Videos,Happening Now,http://www.foxnews.com//www.foxnews.com/shows/happening-now.html
http://www.foxnews.com,Fox News - Breaking News Updates | Latest News Headlines | Photos & News Videos,Justice with Judge Jeanine,http://www.foxnews.com//www.foxnews.com/shows/justice-jeanine.html
http://www.foxnews.com,Fox News - Breaking News Updates | Latest News Headlines | Photos & News Videos,Legends & Lies: The Patriots,http://www.foxnews.com//www.foxnews.com/shows/l-and-l
http://www.foxnews.com,Fox News - Breaking News Updates | Latest News Headlines | Photos & News Videos,#mediabuzz,http://www.foxnews.com//www.foxnews.com/on-air/media-buzz/index.html
http://www.foxnews.com,Fox News - Breaking News Updates | Latest News Headlines | Photos & News Videos,Outnumbered,http://www.foxnews.com//www.foxnews.com/shows/outnumbered.html
http://www.foxnews.com,Fox News - Breaking News Updates | Latest News Headlines | Photos & News Videos,Shepard Smith Reporting,http://www.foxnews.com//www.foxnews.com/on-air/shepard-smith/
http://www.foxnews.com,Fox News - Breaking News Updates | Latest News Headlines | Photos & News Videos,Special Report,http://www.foxnews.com//www.foxnews.com/on-air/special-report-bret-baier/index.html
http://www.foxnews.com,Fox News - Breaking News Updates | Latest News Headlines | Photos & News Videos,Sunday Morning Futures,http://www.foxnews.com//www.foxnews.com/shows/sunday-morning-futures.html
http://www.foxnews.com,Fox News - Breaking News Updates | Latest News Headlines | Photos & News Videos,The Cost of Freedom,http://www.foxnews.com//www.foxnews.com/on-air/cost-of-freedom/index.html
http://www.foxnews.com,Fox News - Breaking News Updates | Latest News Headlines | Photos & News Videos,The Five,http://www.foxnews.com//www.foxnews.com/on-air/the-five/index.html
http://www.foxnews.com,Fox News - Breaking News Updates | Latest News Headlines | Photos & News Videos,The Fox News Specialists,http://www.foxnews.com//www.foxnews.com/on-air/the-fox-news-specialists/index.html
http://www.foxnews.com,Fox News - Breaking News Updates | Latest News Headlines | Photos & News Videos,The Greg Gutfeld Show,http://www.foxnews.com//www.foxnews.com/shows/greg-gutfeld-show
http://www.foxnews.com,Fox News - Breaking News Updates | Latest News Headlines | Photos & News Videos,The Next Revolution with Steve Hilton,http://www.foxnews.com//www.foxnews.com/on-air/the-next-revolution-with-steve-hilton/index.html
http://www.foxnews.com,Fox News - Breaking News Updates | Latest News Headlines | Photos & News Videos,The Journal Editorial Report,http://www.foxnews.com//www.foxnews.com/on-air/journal-editorial-report/index.html
http://www.foxnews.com,Fox News - Breaking News Updates | Latest News Headlines | Photos & News Videos,The Property Man,http://www.foxnews.com//www.foxnews.com/shows/the-property-man/index.html
http://www.foxnews.com,Fox News - Breaking News Updates | Latest News Headlines | Photos & News Videos,The Story with Martha MacCallum,http://www.foxnews.com//www.foxnews.com/on-air/the-story-with-martha-maccallum/index.html
http://www.foxnews.com,Fox News - Breaking News Updates | Latest News Headlines | Photos & News Videos,Tucker Carlson Tonight,http://www.foxnews.com//www.foxnews.com/on-air/tucker-carlson-tonight/index.html
http://www.foxnews.com,Fox News - Breaking News Updates | Latest News Headlines | Photos & News Videos,War Stories,http://www.foxnews.com//www.foxnews.com/on-air/war-stories/index.html
http://www.foxnews.com,Fox News - Breaking News Updates | Latest News Headlines | Photos & News Videos,Watters' World,http://www.foxnews.com//www.foxnews.com/on-air/watters-world/index.html
http://www.foxnews.com,Fox News - Breaking News Updates | Latest News Headlines | Photos & News Videos,Live Video,http://www.foxnews.com//live.foxnews.com
http://www.foxnews.com,Fox News - Breaking News Updates | Latest News Headlines | Photos & News Videos,Trending,http://www.foxnews.com//www.foxnews.com/trending/
http://www.foxnews.com,Fox News - Breaking News Updates | Latest News Headlines | Photos & News Videos,Newsletters,http://www.foxnews.com//www.foxnews.com/alerts/subscribe.html
http://www.foxnews.com,Fox News - Breaking News Updates | Latest News Headlines | Photos & News Videos,Alerts,http://www.foxnews.com//www.foxnews.com/newsletter-signup/alerts
http://www.foxnews.com,Fox News - Breaking News Updates | Latest News Headlines | Photos & News Videos,Podcasts,http://www.foxnews.com//www.foxnews.com/podcasts/
http://www.foxnews.com,Fox News - Breaking News Updates | Latest News Headlines | Photos & News Videos,Radio,http://www.foxnews.com//www.foxnews.com/radio/
http://www.foxnews.com,Fox News - Breaking News Updates | Latest News Headlines | Photos & News Videos,Apps & Products,http://www.foxnews.com//www.foxnews.com/about/apps-downloads
http://www.foxnews.com,Fox News - Breaking News Updates | Latest News Headlines | Photos & News Videos,On Air Personalities,http://www.foxnews.com//www.foxnews.com/on-air/personalities/
http://www.foxnews.com,Fox News - Breaking News Updates | Latest News Headlines | Photos & News Videos,Careers,http://www.foxnews.com//careers.foxnews.com/
http://www.foxnews.com,Fox News - Breaking News Updates | Latest News Headlines | Photos & News Videos,College Students,http://www.foxnews.com//careers.foxnews.com/students
http://www.foxnews.com,Fox News - Breaking News Updates | Latest News Headlines | Photos & News Videos,Fox Around the World,http://www.foxnews.com//www.foxnews.com/foxaroundtheworld/
http://www.foxnews.com,Fox News - Breaking News Updates | Latest News Headlines | Photos & News Videos,Advertise With Us,http://www.foxnews.com//advertise.foxnews.com
http://www.foxnews.com,Fox News - Breaking News Updates | Latest News Headlines | Photos & News Videos,New Terms of Use,http://www.foxnews.com//www.foxnews.com/about/terms-of-use
http://www.foxnews.com,Fox News - Breaking News Updates | Latest News Headlines | Photos & News Videos,(What's New),http://www.foxnews.com//www.foxnews.com/about/terms-new/
http://www.foxnews.com,Fox News - Breaking News Updates | Latest News Headlines | Photos & News Videos,New Privacy Policy,http://www.foxnews.com//www.foxnews.com/about/privacy-policy/
http://www.foxnews.com,Fox News - Breaking News Updates | Latest News Headlines | Photos & News Videos,Ad Choices,http://www.foxnews.com//www.foxnews.com/about/privacy-policy/#ad-choice
http://www.foxnews.com,Fox News - Breaking News Updates | Latest News Headlines | Photos & News Videos,Help,http://www.foxnews.com//help.foxnews.com/index.html
http://www.foxnews.com,Fox News - Breaking News Updates | Latest News Headlines | Photos & News Videos,Email Newsroom,http://www.foxnews.commailto:newsmanager@foxnews.com
http://www.foxnews.com,Fox News - Breaking News Updates | Latest News Headlines | Photos & News Videos,Media Relations,http://www.foxnews.com//press.foxnews.com/
http://www.foxnews.com,Fox News - Breaking News Updates | Latest News Headlines | Photos & News Videos,Closed Captioning Policy,http://www.foxnews.com//www.foxnews.com/closed-captioning
http://www.foxnews.com,Fox News - Breaking News Updates | Latest News Headlines | Photos & News Videos,Facebook,http://www.foxnews.com//www.facebook.com/FoxNews
http://www.foxnews.com,Fox News - Breaking News Updates | Latest News Headlines | Photos & News Videos,Twitter,http://www.foxnews.com//twitter.com/foxnews
http://www.foxnews.com,Fox News - Breaking News Updates | Latest News Headlines | Photos & News Videos,Google+,http://www.foxnews.com//www.google.com/+FoxNews
http://www.foxnews.com,Fox News - Breaking News Updates | Latest News Headlines | Photos & News Videos,Instagram,http://www.foxnews.com//www.instagram.com/foxnews/
http://www.foxnews.com,Fox News - Breaking News Updates | Latest News Headlines | Photos & News Videos,RSS,http://www.foxnews.com//www.foxnews.com/rss/index.html
Requested URL,URL Title,Link Description,Link Address
https://www.c-span.org,C-SPAN.org | National Politics | History | Nonfiction Books,"",https://www.c-span.orghttps://www.youtube.com/user/CSPAN
https://www.c-span.org,C-SPAN.org | National Politics | History | Nonfiction Books,Watch Washington Journal Daily on C-SPAN Live 7:00 a.m. ET,https://www.c-span.orghttps://www.c-span.org/series/?washingtonJournal
https://www.c-span.org,C-SPAN.org | National Politics | History | Nonfiction Books,In Depth with Herb BoydLive July 2 Noon ET on C-SPAN2,https://www.c-span.orghttps://www.c-span.org/video/?429921-1/depth-herb-boyd
https://www.c-span.org,C-SPAN.org | National Politics | History | Nonfiction Books,Watch Q&A Sundays 8:00 p.m. ET on C-SPAN,https://www.c-span.orghttps://www.c-span.org/series/?qa
https://www.c-span.org,C-SPAN.org | National Politics | History | Nonfiction Books,Check Out C-SPAN's Supreme Court Video Resources,https://www.c-span.orghttps://www.c-span.org/supremeCourt/
https://www.c-span.org,C-SPAN.org | National Politics | History | Nonfiction Books,The Executive - C-SPAN's video record of the Trump administration,https://www.c-span.orghttps://www.c-span.org/executiveBranch/
https://www.c-span.org,C-SPAN.org | National Politics | History | Nonfiction Books,2017 Congressional Directory Available Now,https://www.c-span.orghttp://shopping.netsuite.com/s.nl/c.812761/it.A/id.17395444/.f?sc=8&category=-108
https://www.c-span.org,C-SPAN.org | National Politics | History | Nonfiction Books,Reel America: Journey Through History on AHTV,https://www.c-span.orghttps://www.c-span.org/series/?reelAmerica
https://www.c-span.org,C-SPAN.org | National Politics | History | Nonfiction Books,"Portland, OR, Weekend on Book TV and AHTV",https://www.c-span.orghttps://www.c-span.org/series/?citiesTour
https://www.c-span.org,C-SPAN.org | National Politics | History | Nonfiction Books,TV Networks,https://www.c-span.org//www.c-span.org/networks/
https://www.c-span.org,C-SPAN.org | National Politics | History | Nonfiction Books,TV Nets,https://www.c-span.org//www.c-span.org/networks/
https://www.c-span.org,C-SPAN.org | National Politics | History | Nonfiction Books,Radio,https://www.c-span.org//www.c-span.org/networks/?channel=radio
https://www.c-span.org,C-SPAN.org | National Politics | History | Nonfiction Books,Schedule,https://www.c-span.org//www.c-span.org/schedule/
https://www.c-span.org,C-SPAN.org | National Politics | History | Nonfiction Books,MyC-SPAN LOGIN,https://www.c-span.org//www.c-span.org/MyC-SPAN/login/
https://www.c-span.org,C-SPAN.org | National Politics | History | Nonfiction Books,Created by Cable,https://www.c-span.org//www.c-span.org/
https://www.c-span.org,C-SPAN.org | National Politics | History | Nonfiction Books,Series,https://www.c-span.org#
https://www.c-span.org,C-SPAN.org | National Politics | History | Nonfiction Books,"American History TV
Weekends on C-SPAN3",https://www.c-span.org//www.c-span.org/series/?ahtv
https://www.c-span.org,C-SPAN.org | National Politics | History | Nonfiction Books,"Book TV
Weekends on C-SPAN2",https://www.c-span.org//www.c-span.org/series/?bookTv
https://www.c-span.org,C-SPAN.org | National Politics | History | Nonfiction Books,C-SPAN Cities Tour,https://www.c-span.org//www.c-span.org/series/?citiesTour
https://www.c-span.org,C-SPAN.org | National Politics | History | Nonfiction Books,Campaign 2016,https://www.c-span.org//www.c-span.org/series/?campaign2016
https://www.c-span.org,C-SPAN.org | National Politics | History | Nonfiction Books,"The Communicators
Saturdays on C-SPAN at 6:30pm ET",https://www.c-span.org//www.c-span.org/series/?communicators
https://www.c-span.org,C-SPAN.org | National Politics | History | Nonfiction Books,First Ladies ,https://www.c-span.orghttp://firstladies.c-span.org/
https://www.c-span.org,C-SPAN.org | National Politics | History | Nonfiction Books,Landmark Cases ,https://www.c-span.orghttp://www.c-span.org/landmarkcases
https://www.c-span.org,C-SPAN.org | National Politics | History | Nonfiction Books,"Newsmakers
Sundays on C-SPAN at 10am ET",https://www.c-span.org//www.c-span.org/series/?newsmakers
https://www.c-span.org,C-SPAN.org | National Politics | History | Nonfiction Books,Prime Minister's Questions,https://www.c-span.org//www.c-span.org/series/?PrimeMinisterQue
https://www.c-span.org,C-SPAN.org | National Politics | History | Nonfiction Books,"Q&A
Sundays on C-SPAN at 8pm ET",https://www.c-span.org//www.c-span.org/series/?qa
https://www.c-span.org,C-SPAN.org | National Politics | History | Nonfiction Books,"Washington Journal
Daily on C-SPAN at 7am ET",https://www.c-span.org//www.c-span.org/series/?washingtonJournal
https://www.c-span.org,C-SPAN.org | National Politics | History | Nonfiction Books,Series A-ZExplore C-SPAN Series,https://www.c-span.org//www.c-span.org/series/browse/
https://www.c-span.org,C-SPAN.org | National Politics | History | Nonfiction Books,Congress,https://www.c-span.org//www.c-span.org/congress/
https://www.c-span.org,C-SPAN.org | National Politics | History | Nonfiction Books,Executive,https://www.c-span.org//www.c-span.org/executiveBranch/
https://www.c-span.org,C-SPAN.org | National Politics | History | Nonfiction Books,Supreme Court,https://www.c-span.org//www.c-span.org/supremeCourt/
https://www.c-span.org,C-SPAN.org | National Politics | History | Nonfiction Books,Congressional Chronicle,https://www.c-span.org//www.c-span.org/congress/
https://www.c-span.org,C-SPAN.org | National Politics | History | Nonfiction Books,Executive Branch Programs,https://www.c-span.org//www.c-span.org/executiveBranch/
https://www.c-span.org,C-SPAN.org | National Politics | History | Nonfiction Books,Supreme Court Programs,https://www.c-span.org//www.c-span.org/supremeCourt/
https://www.c-span.org,C-SPAN.org | National Politics | History | Nonfiction Books,Washington Journal: News Headlines and Viewer Calls,https://www.c-span.org//www.c-span.org/video/?430590-2/washington-journal-news-headlines-viewer-calls
https://www.c-span.org,C-SPAN.org | National Politics | History | Nonfiction Books,Washington Journal: Betsy McCaughey Discusses the Future of Health Care,https://www.c-span.org//www.c-span.org/video/?430590-3/washington-journal-betsy-mccaughey-discusses-future-health-care
https://www.c-span.org,C-SPAN.org | National Politics | History | Nonfiction Books,Washington Journal: Andy Slavitt Discusses the Future of Medicaid,https://www.c-span.org//www.c-span.org/video/?430590-4/washington-journal-andy-slavitt-discusses-future-medicaid
https://www.c-span.org,C-SPAN.org | National Politics | History | Nonfiction Books,Washington Journal: Viewer Calls,https://www.c-span.org//www.c-span.org/video/?430590-5/washington-journal-viewer-calls
https://www.c-span.org,C-SPAN.org | National Politics | History | Nonfiction Books,Attorney General Speaks at Hate Crimes Summit,https://www.c-span.org//www.c-span.org/video/?430672-1/attorney-general-speaks-hate-crimes-summit
https://www.c-span.org,C-SPAN.org | National Politics | History | Nonfiction Books,Acting NASA Administrator Testifies on FY 2018 Budget Request,https://www.c-span.org//www.c-span.org/video/?430658-1/acting-nasa-administrator-testifies-fy-2018-budget-request
https://www.c-span.org,C-SPAN.org | National Politics | History | Nonfiction Books,U.S. House Meets for Morning Hour,https://www.c-span.org//www.c-span.org/video/?430476-1/us-house-meets-morning-hour
https://www.c-span.org,C-SPAN.org | National Politics | History | Nonfiction Books,Hearing Focuses on Oil and Gas Development on Federal Lands,https://www.c-span.org//www.c-span.org/video/?430657-1/hearing-focuses-oil-gas-development-federal-lands
https://www.c-span.org,C-SPAN.org | National Politics | History | Nonfiction Books,Senate Sergeant at Arms: No Intent to Impede Media Access to Lawmakers,https://www.c-span.org//www.c-span.org/video/?430419-1/senate-sergeant-arms-intent-impede-media-access-lawmakers
https://www.c-span.org,C-SPAN.org | National Politics | History | Nonfiction Books,"U.S. Senate Confirms Neomi Rao Nomination, 59-36

						$(document).ready(function()
						{
							var startTime = 1498748403;
							var endTime = 1498791690;
							var time = Math.round((new Date()) / 1000);
							var url = $('a#61135629_fedfocuslist').attr('href');
							if(time < startTime)
							{
								setTimeout(function()
								{
									$('a#61135629_fedfocuslist').append(""<span id='61135629_listlive' class='live'>Live</span>"");
									$('a#61135629_fedfocuslist').attr('href', url + '&live');
								}, ((startTime - time) * 1000));
								
								setTimeout(function()
								{
									$('#61135629_listlive').remove();
								}, ((endTime - time) * 1000));
							}
							else if(time >= startTime && time < endTime)
							{
								$('a#61135629_fedfocuslist').append(""<span id='61135629_listlive' class='live'>Live</span>"");
								$('a#61135629_fedfocuslist').attr('href', url + '&live');
								
								setTimeout(function()
								{
									$('#61135629_listlive').remove();
									$('a#61135629_fedfocuslist').attr('href', url);
								}, ((endTime - time) * 1000));
							}
						});",https://www.c-span.org//www.c-span.org/video/?430437-1/us-senate-confirms-neomi-rao-nomination-5936
https://www.c-span.org,C-SPAN.org | National Politics | History | Nonfiction Books,House Speaker Says President's Tweet About Mika Brzezinski Not Appropriate,https://www.c-span.org//www.c-span.org/video/?430652-1/house-speaker-says-presidents-tweet-mika-brzezinski-appropriate
https://www.c-span.org,C-SPAN.org | National Politics | History | Nonfiction Books,U.S. House Debates Immigration Enforcement Bills,https://www.c-span.org//www.c-span.org/video/?430476-2/us-house-debates-immigration-enforcement-bills
https://www.c-span.org,C-SPAN.org | National Politics | History | Nonfiction Books,Minority Leader Pelosi: President's Tweet Beneath Dignity of the Office,https://www.c-span.org//www.c-span.org/video/?430680-1/minority-leader-pelosi-presidents-tweet-beneath-dignity-office
https://www.c-span.org,C-SPAN.org | National Politics | History | Nonfiction Books,White House Defends President's Tweets,https://www.c-span.org//www.c-span.org/video/?c4675432/white-house-defends-presidents-tweets
https://www.c-span.org,C-SPAN.org | National Politics | History | Nonfiction Books,"Congressional Democrats Tell President ""Stop the Disrespect"" on Twitter",https://www.c-span.org//www.c-span.org/video/?430705-1/congressional-democrats-tell-president-stop-disrespect-twitter
https://www.c-span.org,C-SPAN.org | National Politics | History | Nonfiction Books,President Trump Speaks at Energy Department,https://www.c-span.org//www.c-span.org/video/?430673-1/president-trump-speaks-energy-department
https://www.c-span.org,C-SPAN.org | National Politics | History | Nonfiction Books,Heather Nauert Briefs Reporters at the State Department,https://www.c-span.org//www.c-span.org/video/?430694-1/heather-nauert-briefs-reporters-state-department
https://www.c-span.org,C-SPAN.org | National Politics | History | Nonfiction Books,"$(document).ready(function() {
							var startTime = 1498748403;
							var endTime = 1498791690;
							var time = Math.round((new Date()) / 1000);
							var url = $('a#61135629_fedfocus').attr('href');
							if(time < startTime)
							{
								setTimeout(function()
								{
									if($('a#61135629_fedfocus').hasClass('not-yet-aired'))
										$('a#61135629_fedfocus').removeClass('not-yet-aired');
									$('a#61135629_fedfocus').prepend(""<span id='61135629_fflive' class='live'>Live</span>"");
									$('a#61135629_fedfocus').attr('href', url + '&live');
									$('a#61135629_fedfocus').parent().children('div.text').children('a').attr('href', url + '&live');
								}, ((startTime - time) * 1000));
								
								setTimeout(function()
								{
									$('#61135629_fflive').remove();
								}, ((endTime - time) * 1000));
							}
							else if(time >= startTime && time < endTime)
							{
								if($('a#61135629_fedfocus').hasClass('not-yet-aired'))
									$('a#61135629_fedfocus').removeClass('not-yet-aired');
								$('a#61135629_fedfocus').prepend(""<span id='61135629_fflive' class='live'>Live</span>"");
								$('a#61135629_fedfocus').attr('href', url + '&live');
								$('a#61135629_fedfocus').parent().children('div.text').children('a').attr('href', url + '&live');
								
								setTimeout(function()
								{
									$('#61135629_fflive').remove();
									$('a#61135629_fedfocus').attr('href', url);
									$('a#61135629_fedfocus').parent().children('div.text').children('a').attr('href', url);
								}, ((endTime - time) * 1000));
							}
						});",https://www.c-span.org//www.c-span.org/video/?430437-1/us-senate-confirms-neomi-rao-nomination-5936
https://www.c-span.org,C-SPAN.org | National Politics | History | Nonfiction Books,"U.S. Senate Confirms Neomi Rao Nomination, 59-36",https://www.c-span.org//www.c-span.org/video/?430437-1/us-senate-confirms-neomi-rao-nomination-5936
https://www.c-span.org,C-SPAN.org | National Politics | History | Nonfiction Books,Sarah Huckabee Sanders Briefs Reporters at the White House (Audio Only),https://www.c-span.org//www.c-span.org/video/?430641-1/sarah-huckabee-sanders-briefs-reporters-white-house-audio
https://www.c-span.org,C-SPAN.org | National Politics | History | Nonfiction Books,View all most watched,https://www.c-span.org//www.c-span.org/search/?searchtype=Videos&sort=Most+Popular&sdate=06%2F26%2F2017&edate=06%2F29%2F2017
https://www.c-span.org,C-SPAN.org | National Politics | History | Nonfiction Books,Watch Washington Journal Daily on C-SPAN at 7am ET,https://www.c-span.orghttps://www.c-span.org/series/?washingtonJournal
https://www.c-span.org,C-SPAN.org | National Politics | History | Nonfiction Books,After Words with Heath Davis,https://www.c-span.org//www.c-span.org/video/?429554-1/words-heath-davis
https://www.c-span.org,C-SPAN.org | National Politics | History | Nonfiction Books,View More After Words ,https://www.c-span.org//www.c-span.org/search/?searchtype=All&query=after+words
https://www.c-span.org,C-SPAN.org | National Politics | History | Nonfiction Books,In Depth with Herb Boyd,https://www.c-span.org//www.c-span.org/video/?429921-1/depth-herb-boyd
https://www.c-span.org,C-SPAN.org | National Politics | History | Nonfiction Books,View More In Depth ,https://www.c-span.org//www.c-span.org/search/?searchtype=All&query=In+Depth
https://www.c-span.org,C-SPAN.org | National Politics | History | Nonfiction Books,Q&A with Pat Buchanan,https://www.c-span.org//www.c-span.org/video/?429078-1/qa-pat-buchanan
https://www.c-span.org,C-SPAN.org | National Politics | History | Nonfiction Books,View More Q&A ,https://www.c-span.org//www.c-span.org/search/?searchtype=Videos&sort=Most+Recent+Airing&seriesid[]=30
https://www.c-span.org,C-SPAN.org | National Politics | History | Nonfiction Books,"Minority Leader Pelosi Calls President's Tweet ""Beneath the Dignity of the Office""",https://www.c-span.org//www.c-span.org/video/?c4675375/minority-leader-pelosi-calls-presidents-tweet-beneath-dignity-office
https://www.c-span.org,C-SPAN.org | National Politics | History | Nonfiction Books,"Speaker Calls President's Tweet About Mika Brzezinski ""Inappropriate Comment""",https://www.c-span.org//www.c-span.org/video/?c4675341/speaker-calls-presidents-tweet-mika-brzezinski-inappropriate-comment
https://www.c-span.org,C-SPAN.org | National Politics | History | Nonfiction Books,Senators Express Concern Over Limits on Media Access,https://www.c-span.org//www.c-span.org/video/?c4675320/senators-express-concern-limits-media-access
https://www.c-span.org,C-SPAN.org | National Politics | History | Nonfiction Books,View More Featured Clips,https://www.c-span.org//www.c-span.org/search/?searchtype=Clips&sort=Newest&featured[]=1&sdate=02%2F01%2F2017&edate=06%2F29%2F2017
https://www.c-span.org,C-SPAN.org | National Politics | History | Nonfiction Books,View User-Created Clips,https://www.c-span.org//www.c-span.org/search/?sdate=&edate=&searchtype=Clips&sort=Newest&cspan_created%5B%5D=0
https://www.c-span.org,C-SPAN.org | National Politics | History | Nonfiction Books,Russia Election Investigation,https://www.c-span.org//www.c-span.org/search/?tagid[]=1069&sort=Newest
https://www.c-span.org,C-SPAN.org | National Politics | History | Nonfiction Books,House Minority Leader Weekly Briefing,https://www.c-span.org//www.c-span.org/video/?430680-1/minority-leader-pelosi-presidents-tweet-beneath-dignity-office
https://www.c-span.org,C-SPAN.org | National Politics | History | Nonfiction Books,758 Clips On Russia Election Investigation,https://www.c-span.orgsearch/?searchtype=Clips&tagid[]=1069&sort=Most Popular
https://www.c-span.org,C-SPAN.org | National Politics | History | Nonfiction Books,Russian Interference in European Elections,https://www.c-span.org//www.c-span.org/video/?430599-1/former-ambassador-calls-presidents-denial-russian-interference-dismaying-objectionable
https://www.c-span.org,C-SPAN.org | National Politics | History | Nonfiction Books,"Open Phones, Part 1",https://www.c-span.org//www.c-span.org/video/?430590-2/washington-journal-news-headlines-viewer-calls
https://www.c-span.org,C-SPAN.org | National Politics | History | Nonfiction Books,House Intelligence Committee Stakeout on Russian Hacking and U.S. Elections,https://www.c-span.org//www.c-span.org/video/?430294-1/adam-schiff-jeh-johnson-speak-reporters-russia-cyberattacks
https://www.c-span.org,C-SPAN.org | National Politics | History | Nonfiction Books,View All,https://www.c-span.org//www.c-span.org/search/?tagid[]=5678&sort=Newest
https://www.c-span.org,C-SPAN.org | National Politics | History | Nonfiction Books,Affordable Care Act,https://www.c-span.org//www.c-span.org/search/?tagid[]=5560&sort=Newest
https://www.c-span.org,C-SPAN.org | National Politics | History | Nonfiction Books,Andy Slavitt on the Future of Medicaid,https://www.c-span.org//www.c-span.org/video/?430590-4/washington-journal-andy-slavitt-discusses-future-medicaid
https://www.c-span.org,C-SPAN.org | National Politics | History | Nonfiction Books,1004 Clips On Affordable Care Act,https://www.c-span.orgsearch/?searchtype=Clips&tagid[]=5560&sort=Most Popular
https://www.c-span.org,C-SPAN.org | National Politics | History | Nonfiction Books,Betsy McCaughey on the Future of Health Care,https://www.c-span.org//www.c-span.org/video/?430590-3/washington-journal-betsy-mccaughey-discusses-future-health-care
https://www.c-span.org,C-SPAN.org | National Politics | History | Nonfiction Books,Kaiser Health News Correspondents on Affordable Care Act Replacement Bill,https://www.c-span.org//www.c-span.org/video/?430586-3/washington-journal-mary-agnes-carey-julie-rovner-discuss-senate-health-care-bill
https://www.c-span.org,C-SPAN.org | National Politics | History | Nonfiction Books,Republican Health Care Bill,https://www.c-span.org//www.c-span.org/video/?430586-101/washington-journal-susan-ferrechio-provides-update-senate-gop-health-care-bill
https://www.c-span.org,C-SPAN.org | National Politics | History | Nonfiction Books,Trump Administration,https://www.c-span.org//www.c-span.org/search/?tagid[]=5678&sort=Newest
https://www.c-span.org,C-SPAN.org | National Politics | History | Nonfiction Books,Congressional Democrats on President Trump's Tweets,https://www.c-span.org//www.c-span.org/video/?430705-1/congressional-democrats-tell-president-stop-disrespect-twitter
https://www.c-span.org,C-SPAN.org | National Politics | History | Nonfiction Books,545 Clips On Trump Administration,https://www.c-span.orgsearch/?searchtype=Clips&tagid[]=5678&sort=Most Popular
https://www.c-span.org,C-SPAN.org | National Politics | History | Nonfiction Books,"Open Phones, Part 2",https://www.c-span.org//www.c-span.org/video/?430244-6/washington-journal-viewer-calls
https://www.c-span.org,C-SPAN.org | National Politics | History | Nonfiction Books,Representative Steve Cohen on the Russia Investigation,https://www.c-span.org//www.c-span.org/video/?430244-5/washington-journal-representative-steve-cohen-discusses-russia-investigation
https://www.c-span.org,C-SPAN.org | National Politics | History | Nonfiction Books,Representative Don Beyer on the Russia Investigation,https://www.c-span.org//www.c-span.org/video/?429915-3/washington-journal-representative-don-beyer-discusses-russia-investigation
https://www.c-span.org,C-SPAN.org | National Politics | History | Nonfiction Books,Christopher Ruddy on the Future of the Trump's Presidency,https://www.c-span.org//www.c-span.org/video/?429860-3/washington-journal-christopher-ruddy-discusses-trump-presidency
https://www.c-span.org,C-SPAN.org | National Politics | History | Nonfiction Books,Our Mission,https://www.c-span.org//www.c-span.org/about/mission/
https://www.c-span.org,C-SPAN.org | National Politics | History | Nonfiction Books,Our History,https://www.c-span.org//www.c-span.org/about/history/
https://www.c-span.org,C-SPAN.org | National Politics | History | Nonfiction Books,Cameras In The Court,https://www.c-span.org//www.c-span.org/special/?camerasInTheCourt
https://www.c-span.org,C-SPAN.org | National Politics | History | Nonfiction Books,Milestones,https://www.c-span.org//www.c-span.org/about/milestones/
https://www.c-span.org,C-SPAN.org | National Politics | History | Nonfiction Books,Leadership,https://www.c-span.org//www.c-span.org/about/leadership/
https://www.c-span.org,C-SPAN.org | National Politics | History | Nonfiction Books,Jobs,https://www.c-span.orghttps://c-span.iapplicants.com/searchjobs.php
https://www.c-span.org,C-SPAN.org | National Politics | History | Nonfiction Books,In The Community,https://www.c-span.org//www.c-span.org/series/?community
https://www.c-span.org,C-SPAN.org | National Politics | History | Nonfiction Books,Video Library,https://www.c-span.org//www.c-span.org/about/videoLibrary/
https://www.c-span.org,C-SPAN.org | National Politics | History | Nonfiction Books,Viewer Guide,https://www.c-span.org//static.c-span.org/assets/documents/C-SPANViewersGuide.pdf
https://www.c-span.org,C-SPAN.org | National Politics | History | Nonfiction Books,C-SPAN Classroom,https://www.c-span.org//www.c-span.org/classroom/
https://www.c-span.org,C-SPAN.org | National Politics | History | Nonfiction Books,Blog,https://www.c-span.org//www.c-span.org/blog/
https://www.c-span.org,C-SPAN.org | National Politics | History | Nonfiction Books,Series A-Z,https://www.c-span.org//www.c-span.org/series/browse/
https://www.c-span.org,C-SPAN.org | National Politics | History | Nonfiction Books,Press Center,https://www.c-span.org//www.c-span.org/about/pressCenter/
https://www.c-span.org,C-SPAN.org | National Politics | History | Nonfiction Books,FAQs,https://www.c-span.org//www.c-span.org/about/faq/
https://www.c-span.org,C-SPAN.org | National Politics | History | Nonfiction Books,Contact Us,https://www.c-span.org//www.c-span.org/about/contactUs/
https://www.c-span.org,C-SPAN.org | National Politics | History | Nonfiction Books,Shop,https://www.c-span.orghttp://shopping.netsuite.com/c-span
https://www.c-span.org,C-SPAN.org | National Politics | History | Nonfiction Books,C-SPAN's Book Collection,https://www.c-span.org//www.c-span.org/about/books/
https://www.c-span.org,C-SPAN.org | National Politics | History | Nonfiction Books,MyC-SPAN Login,https://www.c-span.org//www.c-span.org/MyC-SPAN/login/
https://www.c-span.org,C-SPAN.org | National Politics | History | Nonfiction Books,Download,https://www.c-span.orghttps://appworld.blackberry.com/webstore/content/45013
https://www.c-span.org,C-SPAN.org | National Politics | History | Nonfiction Books,C-SPAN Podcasts,https://www.c-span.org//www.c-span.org/podcasts/
https://www.c-span.org,C-SPAN.org | National Politics | History | Nonfiction Books,Copyrights and Licensing,https://www.c-span.org//www.c-span.org/about/copyrightsAndLicensing/
https://www.c-span.org,C-SPAN.org | National Politics | History | Nonfiction Books,Terms and Conditions,https://www.c-span.org//www.c-span.org/about/termsAndConditions/
https://www.c-span.org,C-SPAN.org | National Politics | History | Nonfiction Books,Privacy,https://www.c-span.org//www.c-span.org/about/privacy/
